ID,label
0,6
1,6
2,6
3,12
4,14
5,6
6,2
7,11
8,7
9,2
10,15
11,11
12,12
13,3
14,0
15,16
16,4
17,18
18,12
19,2
20,16
21,16
22,7
23,18
24,11
25,3
26,7
27,9
28,5
29,15
30,14
31,2
32,2
33,6
34,3
35,18
36,14
37,14
38,11
39,9
40,11
41,6
42,4
43,19
44,5
45,0
46,13
47,12
48,4
49,8
50,18
51,0
52,19
53,11
54,17
55,5
56,8
57,1
58,5
59,11
60,0
61,0
62,6
63,18
64,3
65,10
66,13
67,13
68,19
69,9
70,0
71,3
72,14
73,4
74,10
75,13
76,13
77,6
78,4
79,5
80,5
81,16
82,2
83,19
84,5
85,0
86,7
87,3
88,11
89,8
90,3
91,11
92,3
93,7
94,11
95,10
96,14
97,2
98,9
99,6
100,4
101,0
102,8
103,16
104,11
105,11
106,12
107,8
108,4
109,2
110,10
111,19
112,9
113,19
114,14
115,15
116,13
117,5
118,8
119,16
120,3
121,18
122,8
123,19
124,0
125,0
126,0
127,18
128,3
129,9
130,0
131,7
132,3
133,4
134,19
135,5
136,14
137,16
138,13
139,7
140,4
141,18
142,7
143,11
144,14
145,17
146,18
147,16
148,11
149,8
150,11
151,15
152,7
153,2
154,14
155,3
156,0
157,18
158,5
159,7
160,9
161,19
162,19
163,1
164,2
165,3
166,2
167,1
168,2
169,8
170,8
171,0
172,10
173,5
174,13
175,9
176,5
177,19
178,4
179,17
180,17
181,13
182,0
183,12
184,13
185,2
186,17
187,8
188,10
189,13
190,16
191,6
192,9
193,8
194,2
195,12
196,4
197,10
198,2
199,11
200,0
201,17
202,4
203,19
204,5
205,7
206,8
207,19
208,19
209,2
210,16
211,18
212,2
213,15
214,12
215,7
216,12
217,3
218,19
219,14
220,8
221,6
222,13
223,16
224,12
225,1
226,19
227,0
228,7
229,1
230,17
231,9
232,17
233,6
234,4
235,2
236,9
237,7
238,9
239,16
240,18
241,16
242,10
243,3
244,12
245,15
246,9
247,5
248,1
249,16
250,15
251,12
252,13
253,13
254,10
255,10
256,16
257,15
258,17
259,12
260,14
261,12
262,12
263,11
264,14
265,18
266,12
267,2
268,16
269,9
270,11
271,4
272,13
273,16
274,15
275,9
276,1
277,2
278,12
279,6
280,11
281,11
282,13
283,9
284,13
285,13
286,13
287,7
288,4
289,15
290,18
291,2
292,9
293,4
294,7
295,4
296,4
297,4
298,17
299,13
300,17
301,7
302,1
303,8
304,5
305,15
306,15
307,10
308,6
309,11
310,19
311,15
312,18
313,15
314,13
315,11
316,2
317,5
318,5
319,1
320,17
321,14
322,16
323,3
324,9
325,13
326,12
327,11
328,12
329,3
330,18
331,10
332,4
333,4
334,0
335,4
336,1
337,2
338,12
339,2
340,15
341,1
342,18
343,14
344,7
345,8
346,0
347,16
348,8
349,0
350,9
351,17
352,14
353,9
354,18
355,7
356,13
357,12
358,8
359,6
360,17
361,12
362,16
363,16
364,18
365,4
366,10
367,13
368,17
369,0
370,13
371,17
372,12
373,3
374,0
375,0
376,1
377,12
378,16
379,6
380,1
381,10
382,11
383,7
384,11
385,2
386,17
387,12
388,6
389,10
390,12
391,5
392,3
393,18
394,15
395,15
396,4
397,17
398,0
399,12
400,13
401,6
402,2
403,15
404,19
405,7
406,15
407,11
408,9
409,12
410,19
411,7
412,11
413,3
414,6
415,3
416,9
417,13
418,19
419,7
420,3
421,0
422,2
423,11
424,1
425,1
426,7
427,8
428,11
429,1
430,15
431,17
432,7
433,13
434,4
435,4
436,10
437,5
438,4
439,16
440,16
441,7
442,17
443,1
444,8
445,6
446,9
447,15
448,10
449,0
450,11
451,12
452,11
453,5
454,12
455,4
456,5
457,18
458,9
459,8
460,4
461,16
462,3
463,13
464,9
465,11
466,9
467,0
468,11
469,8
470,14
471,19
472,2
473,16
474,2
475,13
476,11
477,16
478,4
479,9
480,6
481,6
482,6
483,18
484,8
485,3
486,11
487,2
488,19
489,2
490,11
491,10
492,14
493,1
494,13
495,0
496,14
497,3
498,17
499,19
500,9
501,10
502,18
503,6
504,0
505,9
506,10
507,12
508,9
509,12
510,1
511,11
512,17
513,18
514,4
515,3
516,10
517,7
518,6
519,1
520,2
521,17
522,6
523,14
524,8
525,10
526,6
527,0
528,14
529,11
530,8
531,16
532,10
533,6
534,16
535,6
536,17
537,18
538,12
539,0
540,1
541,19
542,2
543,5
544,3
545,14
546,5
547,19
548,0
549,5
550,4
551,17
552,17
553,1
554,1
555,5
556,8
557,5
558,4
559,19
560,14
561,10
562,0
563,11
564,19
565,6
566,14
567,11
568,6
569,6
570,11
571,16
572,16
573,5
574,11
575,6
576,5
577,1
578,4
579,0
580,1
581,15
582,10
583,18
584,3
585,1
586,19
587,10
588,6
589,0
590,0
591,15
592,16
593,10
594,13
595,6
596,15
597,10
598,16
599,16
600,5
601,11
602,1
603,18
604,9
605,16
606,16
607,18
608,4
609,6
610,16
611,12
612,17
613,8
614,15
615,10
616,13
617,0
618,19
619,14
620,2
621,13
622,16
623,1
624,9
625,16
626,17
627,9
628,0
629,7
630,9
631,14
632,10
633,19
634,2
635,7
636,17
637,9
638,10
639,0
640,3
641,7
642,8
643,0
644,12
645,15
646,16
647,3
648,4
649,8
650,1
651,19
652,6
653,2
654,6
655,0
656,4
657,8
658,1
659,4
660,6
661,8
662,16
663,5
664,15
665,18
666,13
667,5
668,4
669,12
670,16
671,1
672,11
673,2
674,11
675,3
676,2
677,4
678,6
679,13
680,9
681,8
682,12
683,8
684,16
685,15
686,13
687,2
688,1
689,15
690,9
691,17
692,17
693,18
694,13
695,8
696,0
697,5
698,14
699,13
700,4
701,0
702,19
703,1
704,11
705,16
706,13
707,18
708,17
709,8
710,4
711,5
712,14
713,4
714,13
715,17
716,14
717,19
718,17
719,18
720,13
721,10
722,19
723,0
724,17
725,2
726,18
727,6
728,2
729,15
730,3
731,16
732,13
733,17
734,10
735,12
736,6
737,10
738,5
739,17
740,3
741,3
742,6
743,1
744,14
745,5
746,16
747,10
748,1
749,19
750,10
751,13
752,18
753,12
754,6
755,16
756,12
757,2
758,6
759,3
760,12
761,4
762,6
763,9
764,1
765,19
766,18
767,14
768,8
769,18
770,0
771,3
772,7
773,18
774,8
775,17
776,5
777,4
778,12
779,13
780,1
781,6
782,8
783,8
784,8
785,12
786,2
787,13
788,14
789,0
790,15
791,12
792,6
793,17
794,1
795,18
796,19
797,18
798,12
799,13
800,11
801,8
802,18
803,4
804,16
805,3
806,6
807,7
808,13
809,9
810,0
811,8
812,4
813,8
814,1
815,17
816,6
817,5
818,19
819,2
820,14
821,8
822,0
823,4
824,11
825,18
826,8
827,16
828,16
829,12
830,1
831,8
832,9
833,3
834,17
835,10
836,18
837,12
838,7
839,5
840,10
841,12
842,11
843,8
844,12
845,11
846,17
847,14
848,13
849,9
850,16
851,17
852,10
853,3
854,2
855,9
856,16
857,15
858,8
859,18
860,5
861,7
862,1
863,13
864,17
865,15
866,4
867,2
868,10
869,10
870,10
871,18
872,3
873,11
874,16
875,2
876,8
877,12
878,7
879,7
880,13
881,1
882,10
883,7
884,4
885,17
886,4
887,0
888,12
889,12
890,9
891,14
892,1
893,17
894,4
895,15
896,2
897,15
898,3
899,12
900,5
901,18
902,5
903,6
904,11
905,19
906,9
907,11
908,1
909,8
910,1
911,4
912,10
913,5
914,12
915,2
916,6
917,15
918,19
919,8
920,11
921,7
922,6
923,10
924,9
925,4
926,1
927,14
928,4
929,8
930,7
931,2
932,16
933,8
934,17
935,6
936,10
937,15
938,3
939,13
940,6
941,8
942,7
943,7
944,9
945,6
946,5
947,18
948,9
949,15
950,6
951,0
952,3
953,3
954,5
955,10
956,18
957,7
958,9
959,7
960,12
961,1
962,1
963,4
964,8
965,17
966,1
967,6
968,13
969,10
970,4
971,18
972,10
973,19
974,16
975,11
976,2
977,13
978,12
979,17
980,6
981,0
982,18
983,18
984,9
985,7
986,10
987,12
988,6
989,10
990,1
991,14
992,14
993,7
994,1
995,2
996,15
997,9
998,12
999,11
1000,11
1001,5
1002,19
1003,12
1004,17
1005,17
1006,2
1007,18
1008,6
1009,5
1010,13
1011,8
1012,13
1013,16
1014,10
1015,5
1016,5
1017,13
1018,19
1019,13
1020,12
1021,19
1022,16
1023,7
1024,8
1025,13
1026,16
1027,10
1028,16
1029,16
1030,11
1031,15
1032,12
1033,9
1034,15
1035,4
1036,18
1037,14
1038,18
1039,18
1040,19
1041,5
1042,8
1043,3
1044,4
1045,16
1046,3
1047,19
1048,10
1049,13
1050,13
1051,4
1052,8
1053,9
1054,2
1055,2
1056,6
1057,6
1058,7
1059,0
1060,16
1061,2
1062,4
1063,2
1064,5
1065,4
1066,0
1067,8
1068,7
1069,15
1070,7
1071,16
1072,14
1073,3
1074,15
1075,8
1076,19
1077,8
1078,14
1079,2
1080,5
1081,13
1082,1
1083,5
1084,17
1085,19
1086,8
1087,19
1088,19
1089,5
1090,19
1091,6
1092,19
1093,4
1094,3
1095,7
1096,14
1097,11
1098,0
1099,14
1100,0
1101,4
1102,18
1103,10
1104,4
1105,5
1106,19
1107,4
1108,9
1109,12
1110,8
1111,9
1112,1
1113,14
1114,16
1115,11
1116,5
1117,8
1118,13
1119,2
1120,12
1121,15
1122,1
1123,13
1124,15
1125,9
1126,3
1127,18
1128,2
1129,5
1130,1
1131,17
1132,8
1133,12
1134,9
1135,13
1136,2
1137,6
1138,13
1139,3
1140,16
1141,15
1142,10
1143,12
1144,8
1145,15
1146,16
1147,16
1148,2
1149,18
1150,6
1151,19
1152,15
1153,5
1154,15
1155,16
1156,11
1157,9
1158,19
1159,16
1160,17
1161,11
1162,5
1163,17
1164,4
1165,18
1166,13
1167,5
1168,16
1169,14
1170,12
1171,19
1172,5
1173,9
1174,9
1175,10
1176,9
1177,17
1178,11
1179,4
1180,12
1181,13
1182,0
1183,3
1184,10
1185,18
1186,8
1187,4
1188,15
1189,13
1190,10
1191,12
1192,4
1193,2
1194,13
1195,19
1196,7
1197,16
1198,19
1199,7
1200,19
1201,6
1202,8
1203,18
1204,1
1205,0
1206,16
1207,3
1208,10
1209,1
1210,13
1211,3
1212,19
1213,18
1214,19
1215,7
1216,6
1217,17
1218,17
1219,15
1220,15
1221,7
1222,18
1223,15
1224,3
1225,10
1226,13
1227,0
1228,0
1229,15
1230,8
1231,4
1232,3
1233,12
1234,7
1235,4
1236,12
1237,4
1238,9
1239,1
1240,15
1241,15
1242,15
1243,16
1244,13
1245,19
1246,5
1247,5
1248,8
1249,0
1250,19
1251,3
1252,10
1253,16
1254,18
1255,11
1256,15
1257,1
1258,14
1259,19
1260,13
1261,6
1262,6
1263,11
1264,19
1265,2
1266,8
1267,6
1268,1
1269,15
1270,1
1271,12
1272,16
1273,3
1274,14
1275,8
1276,8
1277,17
1278,2
1279,6
1280,8
1281,6
1282,10
1283,8
1284,8
1285,12
1286,3
1287,10
1288,2
1289,13
1290,15
1291,11
1292,0
1293,7
1294,16
1295,11
1296,1
1297,16
1298,7
1299,12
1300,18
1301,19
1302,5
1303,16
1304,11
1305,8
1306,13
1307,14
1308,1
1309,6
1310,5
1311,7
1312,7
1313,12
1314,14
1315,19
1316,5
1317,7
1318,4
1319,4
1320,19
1321,0
1322,1
1323,10
1324,16
1325,1
1326,5
1327,15
1328,7
1329,9
1330,9
1331,19
1332,14
1333,4
1334,8
1335,16
1336,10
1337,17
1338,6
1339,17
1340,2
1341,9
1342,12
1343,4
1344,18
1345,7
1346,5
1347,16
1348,18
1349,3
1350,19
1351,4
1352,15
1353,18
1354,5
1355,6
1356,0
1357,11
1358,10
1359,17
1360,2
1361,12
1362,15
1363,10
1364,19
1365,13
1366,1
1367,6
1368,9
1369,5
1370,13
1371,7
1372,8
1373,1
1374,14
1375,19
1376,15
1377,8
1378,5
1379,13
1380,3
1381,3
1382,17
1383,17
1384,0
1385,15
1386,9
1387,16
1388,11
1389,1
1390,4
1391,1
1392,3
1393,19
1394,9
1395,13
1396,14
1397,17
1398,13
1399,15
1400,0
1401,10
1402,13
1403,8
1404,13
1405,6
1406,8
1407,5
1408,9
1409,4
1410,11
1411,3
1412,7
1413,10
1414,14
1415,5
1416,13
1417,11
1418,13
1419,0
1420,12
1421,5
1422,6
1423,19
1424,10
1425,17
1426,18
1427,4
1428,11
1429,18
1430,8
1431,6
1432,15
1433,15
1434,7
1435,8
1436,12
1437,18
1438,2
1439,16
1440,7
1441,6
1442,18
1443,5
1444,2
1445,17
1446,5
1447,17
1448,13
1449,8
1450,12
1451,3
1452,9
1453,10
1454,14
1455,1
1456,14
1457,2
1458,7
1459,11
1460,5
1461,0
1462,0
1463,12
1464,10
1465,12
1466,1
1467,7
1468,18
1469,19
1470,18
1471,8
1472,11
1473,2
1474,10
1475,14
1476,7
1477,14
1478,17
1479,0
1480,9
1481,14
1482,17
1483,13
1484,17
1485,0
1486,10
1487,4
1488,5
1489,15
1490,6
1491,1
1492,18
1493,13
1494,16
1495,5
1496,13
1497,12
1498,16
1499,15
1500,5
1501,4
1502,4
1503,15
1504,13
1505,16
1506,9
1507,5
1508,19
1509,4
1510,4
1511,8
1512,5
1513,19
1514,19
1515,16
1516,5
1517,16
1518,5
1519,4
1520,14
1521,1
1522,18
1523,19
1524,4
1525,18
1526,16
1527,3
1528,18
1529,6
1530,13
1531,14
1532,15
1533,18
1534,2
1535,18
1536,11
1537,4
1538,10
1539,13
1540,4
1541,7
1542,6
1543,13
1544,18
1545,5
1546,8
1547,11
1548,9
1549,2
1550,14
1551,18
1552,9
1553,10
1554,10
1555,13
1556,12
1557,19
1558,1
1559,6
1560,5
1561,7
1562,3
1563,8
1564,19
1565,16
1566,16
1567,2
1568,12
1569,19
1570,9
1571,2
1572,8
1573,14
1574,12
1575,13
1576,13
1577,14
1578,15
1579,14
1580,15
1581,10
1582,7
1583,19
1584,3
1585,11
1586,13
1587,13
1588,3
1589,14
1590,6
1591,12
1592,13
1593,0
1594,2
1595,9
1596,1
1597,2
1598,11
1599,16
1600,8
1601,13
1602,13
1603,9
1604,0
1605,2
1606,19
1607,5
1608,18
1609,2
1610,1
1611,8
1612,6
1613,1
1614,2
1615,18
1616,5
1617,4
1618,11
1619,11
1620,10
1621,16
1622,14
1623,10
1624,10
1625,10
1626,15
1627,11
1628,3
1629,1
1630,13
1631,15
1632,17
1633,19
1634,11
1635,0
1636,5
1637,10
1638,15
1639,0
1640,13
1641,13
1642,15
1643,1
1644,4
1645,2
1646,17
1647,0
1648,14
1649,2
1650,19
1651,13
1652,0
1653,6
1654,15
1655,11
1656,13
1657,10
1658,9
1659,8
1660,10
1661,7
1662,9
1663,1
1664,14
1665,11
1666,13
1667,12
1668,15
1669,14
1670,4
1671,19
1672,8
1673,13
1674,8
1675,0
1676,10
1677,17
1678,5
1679,1
1680,7
1681,3
1682,2
1683,8
1684,9
1685,15
1686,17
1687,6
1688,15
1689,4
1690,4
1691,18
1692,5
1693,19
1694,8
1695,14
1696,10
1697,14
1698,15
1699,9
1700,0
1701,11
1702,4
1703,19
1704,19
1705,10
1706,6
1707,4
1708,3
1709,4
1710,6
1711,2
1712,8
1713,7
1714,9
1715,11
1716,4
1717,4
1718,0
1719,1
1720,7
1721,10
1722,1
1723,6
1724,5
1725,1
1726,14
1727,0
1728,6
1729,19
1730,2
1731,9
1732,7
1733,4
1734,16
1735,13
1736,5
1737,10
1738,15
1739,15
1740,13
1741,7
1742,1
1743,8
1744,1
1745,7
1746,15
1747,17
1748,6
1749,10
1750,15
1751,5
1752,10
1753,16
1754,0
1755,3
1756,5
1757,10
1758,17
1759,2
1760,4
1761,11
1762,17
1763,9
1764,11
1765,9
1766,9
1767,0
1768,17
1769,13
1770,19
1771,9
1772,9
1773,12
1774,9
1775,15
1776,0
1777,9
1778,18
1779,10
1780,1
1781,14
1782,1
1783,11
1784,17
1785,13
1786,3
1787,19
1788,19
1789,1
1790,0
1791,11
1792,14
1793,4
1794,16
1795,11
1796,8
1797,3
1798,3
1799,1
1800,7
1801,0
1802,10
1803,1
1804,9
1805,9
1806,14
1807,17
1808,9
1809,2
1810,16
1811,13
1812,8
1813,9
1814,18
1815,16
1816,1
1817,3
1818,7
1819,2
1820,4
1821,10
1822,18
1823,8
1824,10
1825,13
1826,6
1827,19
1828,11
1829,15
1830,0
1831,9
1832,5
1833,2
1834,13
1835,17
1836,0
1837,5
1838,0
1839,1
1840,14
1841,5
1842,14
1843,9
1844,17
1845,7
1846,7
1847,0
1848,13
1849,17
1850,18
1851,17
1852,16
1853,0
1854,13
1855,4
1856,19
1857,3
1858,0
1859,1
1860,17
1861,10
1862,18
1863,10
1864,17
1865,12
1866,8
1867,15
1868,5
1869,1
1870,10
1871,3
1872,1
1873,5
1874,7
1875,7
1876,2
1877,9
1878,3
1879,11
1880,4
1881,6
1882,9
1883,1
1884,7
1885,9
1886,15
1887,16
1888,4
1889,19
1890,4
1891,7
1892,12
1893,19
1894,6
1895,9
1896,19
1897,6
1898,9
1899,10
1900,13
1901,6
1902,16
1903,10
1904,19
1905,8
1906,18
1907,7
1908,17
1909,8
1910,16
1911,0
1912,1
1913,8
1914,7
1915,6
1916,4
1917,15
1918,17
1919,17
1920,3
1921,12
1922,16
1923,10
1924,9
1925,13
1926,5
1927,2
1928,0
1929,19
1930,6
1931,8
1932,18
1933,12
1934,8
1935,7
1936,9
1937,15
1938,19
1939,12
1940,0
1941,18
1942,8
1943,13
1944,1
1945,3
1946,13
1947,11
1948,7
1949,6
1950,15
1951,11
1952,9
1953,5
1954,0
1955,6
1956,0
1957,17
1958,15
1959,16
1960,3
1961,14
1962,13
1963,11
1964,10
1965,19
1966,7
1967,3
1968,15
1969,7
1970,18
1971,15
1972,3
1973,17
1974,17
1975,15
1976,16
1977,9
1978,3
1979,15
1980,1
1981,16
1982,2
1983,15
1984,7
1985,15
1986,8
1987,6
1988,15
1989,4
1990,3
1991,4
1992,7
1993,9
1994,16
1995,18
1996,11
1997,19
1998,4
1999,14
2000,7
2001,15
2002,11
2003,6
2004,7
2005,19
2006,1
2007,8
2008,2
2009,12
2010,14
2011,15
2012,19
2013,12
2014,13
2015,11
2016,17
2017,1
2018,17
2019,11
2020,0
2021,15
2022,11
2023,7
2024,5
2025,18
2026,14
2027,19
2028,5
2029,3
2030,1
2031,5
2032,1
2033,8
2034,18
2035,17
2036,13
2037,16
2038,10
2039,4
2040,19
2041,14
2042,3
2043,17
2044,5
2045,14
2046,15
2047,8
2048,12
2049,13
2050,17
2051,2
2052,8
2053,7
2054,13
2055,7
2056,8
2057,19
2058,12
2059,7
2060,7
2061,9
2062,11
2063,3
2064,19
2065,5
2066,17
2067,15
2068,0
2069,10
2070,2
2071,4
2072,12
2073,7
2074,11
2075,1
2076,11
2077,6
2078,19
2079,1
2080,5
2081,2
2082,1
2083,17
2084,6
2085,1
2086,15
2087,17
2088,15
2089,10
2090,3
2091,1
2092,13
2093,15
2094,16
2095,19
2096,12
2097,1
2098,7
2099,2
2100,11
2101,16
2102,3
2103,13
2104,4
2105,0
2106,5
2107,1
2108,4
2109,6
2110,9
2111,5
2112,5
2113,17
2114,4
2115,9
2116,0
2117,16
2118,16
2119,5
2120,1
2121,5
2122,16
2123,11
2124,9
2125,14
2126,15
2127,19
2128,3
2129,16
2130,10
2131,17
2132,7
2133,11
2134,9
2135,1
2136,5
2137,19
2138,6
2139,3
2140,9
2141,19
2142,17
2143,0
2144,17
2145,10
2146,4
2147,12
2148,0
2149,10
2150,11
2151,12
2152,7
2153,10
2154,1
2155,7
2156,6
2157,14
2158,12
2159,4
2160,4
2161,11
2162,19
2163,11
2164,10
2165,15
2166,10
2167,17
2168,9
2169,15
2170,9
2171,14
2172,17
2173,8
2174,17
2175,6
2176,5
2177,2
2178,13
2179,18
2180,7
2181,5
2182,19
2183,18
2184,2
2185,4
2186,5
2187,14
2188,7
2189,2
2190,0
2191,3
2192,17
2193,17
2194,2
2195,16
2196,5
2197,0
2198,11
2199,12
2200,10
2201,11
2202,0
2203,13
2204,3
2205,19
2206,5
2207,0
2208,0
2209,16
2210,18
2211,5
2212,9
2213,1
2214,16
2215,9
2216,18
2217,9
2218,12
2219,13
2220,16
2221,6
2222,3
2223,17
2224,15
2225,9
2226,12
2227,10
2228,2
2229,13
2230,14
2231,14
2232,4
2233,4
2234,6
2235,9
2236,19
2237,18
2238,18
2239,4
2240,3
2241,18
2242,3
2243,1
2244,12
2245,5
2246,17
2247,0
2248,2
2249,18
2250,1
2251,8
2252,3
2253,19
2254,3
2255,2
2256,16
2257,1
2258,15
2259,7
2260,6
2261,9
2262,17
2263,12
2264,17
2265,6
2266,2
2267,2
2268,10
2269,17
2270,16
2271,15
2272,11
2273,18
2274,6
2275,0
2276,14
2277,4
2278,17
2279,18
2280,2
2281,5
2282,7
2283,17
2284,12
2285,13
2286,2
2287,10
2288,4
2289,3
2290,2
2291,13
2292,11
2293,5
2294,18
2295,2
2296,15
2297,14
2298,2
2299,11
2300,10
2301,4
2302,9
2303,3
2304,4
2305,12
2306,11
2307,2
2308,19
2309,3
2310,5
2311,9
2312,8
2313,5
2314,17
2315,11
2316,15
2317,17
2318,13
2319,19
2320,4
2321,13
2322,3
2323,6
2324,17
2325,19
2326,13
2327,18
2328,15
2329,12
2330,16
2331,15
2332,4
2333,7
2334,19
2335,2
2336,15
2337,3
2338,3
2339,9
2340,11
2341,9
2342,2
2343,11
2344,16
2345,10
2346,16
2347,7
2348,14
2349,11
2350,18
2351,0
2352,2
2353,15
2354,12
2355,11
2356,8
2357,2
2358,13
2359,5
2360,13
2361,19
2362,2
2363,11
2364,19
2365,0
2366,8
2367,15
2368,8
2369,3
2370,18
2371,7
2372,3
2373,19
2374,15
2375,19
2376,0
2377,13
2378,12
2379,15
2380,11
2381,6
2382,5
2383,14
2384,9
2385,13
2386,7
2387,1
2388,19
2389,18
2390,16
2391,15
2392,7
2393,0
2394,18
2395,16
2396,2
2397,17
2398,6
2399,15
2400,0
2401,10
2402,13
2403,18
2404,14
2405,15
2406,18
2407,3
2408,6
2409,19
2410,17
2411,5
2412,10
2413,10
2414,4
2415,13
2416,11
2417,17
2418,8
2419,6
2420,17
2421,15
2422,13
2423,7
2424,9
2425,14
2426,6
2427,10
2428,6
2429,8
2430,19
2431,8
2432,1
2433,2
2434,10
2435,6
2436,0
2437,17
2438,3
2439,19
2440,17
2441,13
2442,18
2443,13
2444,8
2445,12
2446,14
2447,19
2448,15
2449,5
2450,1
2451,1
2452,1
2453,11
2454,13
2455,19
2456,11
2457,7
2458,6
2459,3
2460,11
2461,11
2462,3
2463,4
2464,1
2465,14
2466,17
2467,11
2468,8
2469,14
2470,9
2471,0
2472,9
2473,15
2474,3
2475,4
2476,4
2477,16
2478,0
2479,3
2480,2
2481,4
2482,0
2483,16
2484,11
2485,15
2486,14
2487,12
2488,7
2489,8
2490,3
2491,14
2492,17
2493,9
2494,3
2495,4
2496,3
2497,10
2498,17
2499,15
2500,12
2501,18
2502,5
2503,6
2504,19
2505,17
2506,18
2507,7
2508,14
2509,7
2510,0
2511,15
2512,7
2513,19
2514,16
2515,0
2516,1
2517,3
2518,13
2519,18
2520,19
2521,2
2522,4
2523,18
2524,11
2525,3
2526,5
2527,10
2528,18
2529,19
2530,19
2531,0
2532,4
2533,16
2534,16
2535,7
2536,13
2537,0
2538,6
2539,7
2540,3
2541,3
2542,8
2543,6
2544,8
2545,7
2546,7
2547,2
2548,7
2549,14
2550,14
2551,8
2552,5
2553,7
2554,10
2555,17
2556,0
2557,7
2558,12
2559,10
2560,19
2561,10
2562,15
2563,12
2564,9
2565,15
2566,15
2567,18
2568,0
2569,16
2570,16
2571,14
2572,19
2573,13
2574,1
2575,1
2576,17
2577,18
2578,18
2579,3
2580,5
2581,16
2582,7
2583,1
2584,3
2585,4
2586,2
2587,5
2588,11
2589,0
2590,0
2591,19
2592,3
2593,5
2594,6
2595,6
2596,1
2597,8
2598,9
2599,16
2600,9
2601,13
2602,8
2603,6
2604,16
2605,10
2606,13
2607,1
2608,10
2609,14
2610,4
2611,2
2612,19
2613,4
2614,7
2615,7
2616,13
2617,19
2618,0
2619,7
2620,1
2621,15
2622,6
2623,2
2624,3
2625,6
2626,7
2627,3
2628,2
2629,1
2630,14
2631,14
2632,11
2633,13
2634,0
2635,10
2636,14
2637,15
2638,13
2639,8
2640,10
2641,9
2642,19
2643,6
2644,17
2645,1
2646,4
2647,14
2648,10
2649,7
2650,5
2651,7
2652,17
2653,19
2654,7
2655,0
2656,0
2657,19
2658,3
2659,0
2660,12
2661,6
2662,9
2663,0
2664,12
2665,4
2666,7
2667,12
2668,14
2669,19
2670,12
2671,18
2672,1
2673,13
2674,0
2675,9
2676,1
2677,11
2678,13
2679,15
2680,3
2681,17
2682,17
2683,1
2684,2
2685,18
2686,0
2687,15
2688,5
2689,8
2690,12
2691,6
2692,19
2693,12
2694,3
2695,15
2696,11
2697,2
2698,12
2699,13
2700,0
2701,12
2702,10
2703,0
2704,10
2705,11
2706,2
2707,14
2708,19
2709,6
2710,7
2711,0
2712,18
2713,10
2714,15
2715,3
2716,13
2717,4
2718,18
2719,2
2720,7
2721,1
2722,0
2723,12
2724,14
2725,10
2726,16
2727,17
2728,6
2729,10
2730,0
2731,3
2732,14
2733,2
2734,13
2735,7
2736,9
2737,19
2738,18
2739,4
2740,10
2741,13
2742,14
2743,16
2744,4
2745,5
2746,0
2747,18
2748,3
2749,7
2750,18
2751,9
2752,14
2753,8
2754,3
2755,11
2756,13
2757,18
2758,6
2759,3
2760,13
2761,0
2762,1
2763,10
2764,7
2765,6
2766,4
2767,11
2768,4
2769,15
2770,12
2771,12
2772,16
2773,9
2774,13
2775,13
2776,12
2777,0
2778,7
2779,7
2780,19
2781,11
2782,10
2783,12
2784,12
2785,5
2786,2
2787,0
2788,5
2789,1
2790,18
2791,10
2792,3
2793,3
2794,0
2795,3
2796,17
2797,4
2798,17
2799,19
2800,13
2801,11
2802,14
2803,8
2804,3
2805,8
2806,10
2807,6
2808,6
2809,2
2810,17
2811,14
2812,14
2813,8
2814,19
2815,11
2816,5
2817,5
2818,2
2819,8
2820,16
2821,19
2822,10
2823,14
2824,8
2825,2
2826,4
2827,17
2828,18
2829,4
2830,1
2831,5
2832,19
2833,19
2834,7
2835,8
2836,17
2837,7
2838,10
2839,10
2840,5
2841,13
2842,9
2843,4
2844,3
2845,3
2846,17
2847,8
2848,4
2849,9
2850,15
2851,11
2852,2
2853,2
2854,0
2855,7
2856,2
2857,5
2858,18
2859,12
2860,15
2861,2
2862,19
2863,18
2864,1
2865,14
2866,11
2867,18
2868,7
2869,11
2870,5
2871,18
2872,0
2873,17
2874,0
2875,10
2876,0
2877,1
2878,6
2879,19
2880,3
2881,15
2882,10
2883,14
2884,8
2885,12
2886,6
2887,10
2888,1
2889,9
2890,10
2891,0
2892,9
2893,9
2894,10
2895,19
2896,1
2897,1
2898,12
2899,9
2900,2
2901,19
2902,15
2903,14
2904,5
2905,6
2906,17
2907,9
2908,4
2909,4
2910,14
2911,8
2912,11
2913,1
2914,17
2915,14
2916,9
2917,12
2918,18
2919,3
2920,5
2921,0
2922,4
2923,9
2924,6
2925,10
2926,10
2927,0
2928,17
2929,8
2930,1
2931,1
2932,15
2933,3
2934,14
2935,15
2936,9
2937,13
2938,12
2939,16
2940,6
2941,7
2942,9
2943,2
2944,1
2945,13
2946,12
2947,3
2948,9
2949,3
2950,3
2951,1
2952,15
2953,7
2954,12
2955,4
2956,1
2957,7
2958,18
2959,8
2960,4
2961,5
2962,19
2963,8
2964,6
2965,9
2966,16
2967,19
2968,9
2969,12
2970,14
2971,14
2972,12
2973,5
2974,14
2975,13
2976,3
2977,6
2978,1
2979,12
2980,4
2981,12
2982,3
2983,0
2984,0
2985,8
2986,8
2987,10
2988,17
2989,8
2990,16
2991,2
2992,14
2993,18
2994,13
2995,0
2996,13
2997,7
2998,2
2999,6
3000,7
3001,15
3002,11
3003,0
3004,7
3005,6
3006,5
3007,12
3008,7
3009,2
3010,15
3011,12
3012,8
3013,9
3014,10
3015,10
3016,3
3017,9
3018,16
3019,3
3020,16
3021,11
3022,6
3023,1
3024,2
3025,19
3026,0
3027,3
3028,13
3029,9
3030,4
3031,2
3032,5
3033,17
3034,11
3035,12
3036,13
3037,10
3038,15
3039,15
3040,5
3041,12
3042,6
3043,5
3044,18
3045,17
3046,10
3047,6
3048,12
3049,16
3050,12
3051,12
3052,2
3053,16
3054,18
3055,8
3056,18
3057,1
3058,14
3059,2
3060,12
3061,19
3062,15
3063,5
3064,10
3065,1
3066,9
3067,9
3068,12
3069,7
3070,17
3071,2
3072,3
3073,17
3074,17
3075,6
3076,5
3077,15
3078,14
3079,7
3080,15
3081,12
3082,2
3083,17
3084,19
3085,11
3086,5
3087,6
3088,19
3089,10
3090,7
3091,6
3092,16
3093,11
3094,4
3095,6
3096,14
3097,7
3098,14
3099,10
3100,17
3101,4
3102,12
3103,0
3104,6
3105,4
3106,16
3107,4
3108,19
3109,1
3110,16
3111,6
3112,1
3113,14
3114,7
3115,7
3116,17
3117,18
3118,18
3119,15
3120,9
3121,8
3122,7
3123,7
3124,13
3125,11
3126,8
3127,1
3128,18
3129,3
3130,3
3131,13
3132,10
3133,19
3134,5
3135,11
3136,14
3137,10
3138,5
3139,1
3140,19
3141,0
3142,2
3143,18
3144,18
3145,3
3146,15
3147,2
3148,19
3149,13
3150,7
3151,12
3152,8
3153,19
3154,3
3155,14
3156,8
3157,12
3158,12
3159,3
3160,16
3161,8
3162,11
3163,8
3164,1
3165,2
3166,9
3167,4
3168,6
3169,11
3170,0
3171,5
3172,7
3173,8
3174,19
3175,17
3176,1
3177,10
3178,18
3179,15
3180,2
3181,17
3182,6
3183,19
3184,18
3185,9
3186,0
3187,12
3188,18
3189,2
3190,8
3191,7
3192,18
3193,10
3194,7
3195,10
3196,10
3197,0
3198,13
3199,12
3200,17
3201,17
3202,4
3203,8
3204,1
3205,17
3206,8
3207,16
3208,13
3209,17
3210,0
3211,5
3212,9
3213,2
3214,14
3215,9
3216,5
3217,4
3218,10
3219,1
3220,2
3221,15
3222,12
3223,8
3224,7
3225,16
3226,6
3227,15
3228,15
3229,10
3230,15
3231,17
3232,17
3233,3
3234,11
3235,15
3236,19
3237,4
3238,8
3239,13
3240,18
3241,2
3242,9
3243,1
3244,8
3245,9
3246,4
3247,3
3248,10
3249,12
3250,5
3251,14
3252,1
3253,8
3254,13
3255,5
3256,8
3257,5
3258,12
3259,9
3260,14
3261,18
3262,2
3263,4
3264,18
3265,13
3266,19
3267,2
3268,10
3269,11
3270,17
3271,5
3272,16
3273,11
3274,3
3275,12
3276,8
3277,5
3278,4
3279,15
3280,3
3281,14
3282,12
3283,0
3284,19
3285,2
3286,0
3287,5
3288,8
3289,4
3290,11
3291,1
3292,10
3293,9
3294,5
3295,17
3296,7
3297,6
3298,8
3299,2
3300,10
3301,15
3302,17
3303,1
3304,12
3305,2
3306,12
3307,10
3308,16
3309,14
3310,16
3311,14
3312,6
3313,1
3314,6
3315,18
3316,11
3317,5
3318,8
3319,7
3320,14
3321,11
3322,0
3323,16
3324,4
3325,11
3326,11
3327,12
3328,17
3329,17
3330,17
3331,5
3332,1
3333,15
3334,17
3335,17
3336,16
3337,6
3338,13
3339,7
3340,16
3341,6
3342,6
3343,11
3344,19
3345,9
3346,2
3347,15
3348,19
3349,17
3350,1
3351,14
3352,18
3353,2
3354,17
3355,3
3356,17
3357,14
3358,5
3359,2
3360,10
3361,0
3362,8
3363,11
3364,6
3365,0
3366,15
3367,16
3368,10
3369,2
3370,11
3371,6
3372,10
3373,4
3374,15
3375,3
3376,9
3377,10
3378,17
3379,2
3380,4
3381,15
3382,2
3383,15
3384,3
3385,12
3386,8
3387,4
3388,4
3389,9
3390,5
3391,6
3392,4
3393,12
3394,10
3395,12
3396,2
3397,4
3398,8
3399,11
3400,10
3401,1
3402,2
3403,11
3404,5
3405,13
3406,9
3407,16
3408,17
3409,3
3410,14
3411,18
3412,8
3413,6
3414,1
3415,6
3416,13
3417,19
3418,14
3419,5
3420,17
3421,9
3422,8
3423,13
3424,16
3425,18
3426,2
3427,9
3428,16
3429,12
3430,1
3431,13
3432,2
3433,0
3434,9
3435,10
3436,14
3437,2
3438,2
3439,19
3440,12
3441,11
3442,3
3443,19
3444,15
3445,15
3446,8
3447,3
3448,7
3449,6
3450,1
3451,19
3452,17
3453,19
3454,11
3455,15
3456,6
3457,14
3458,2
3459,16
3460,5
3461,5
3462,1
3463,3
3464,16
3465,17
3466,1
3467,11
3468,19
3469,13
3470,9
3471,12
3472,16
3473,15
3474,15
3475,15
3476,19
3477,13
3478,1
3479,5
3480,5
3481,10
3482,8
3483,3
3484,15
3485,6
3486,14
3487,14
3488,0
3489,15
3490,11
3491,17
3492,3
3493,18
3494,0
3495,17
3496,4
3497,1
3498,4
3499,14
3500,3
3501,17
3502,10
3503,8
3504,15
3505,6
3506,18
3507,17
3508,17
3509,0
3510,11
3511,19
3512,5
3513,5
3514,7
3515,9
3516,10
3517,12
3518,6
3519,13
3520,8
3521,7
3522,17
3523,4
3524,18
3525,10
3526,9
3527,15
3528,13
3529,6
3530,5
3531,12
3532,4
3533,13
3534,16
3535,11
3536,0
3537,15
3538,0
3539,16
3540,12
3541,10
3542,0
3543,14
3544,15
3545,17
3546,11
3547,9
3548,19
3549,14
3550,9
3551,13
3552,11
3553,14
3554,15
3555,17
3556,9
3557,11
3558,12
3559,2
3560,1
3561,14
3562,13
3563,15
3564,15
3565,17
3566,12
3567,4
3568,2
3569,17
3570,10
3571,5
3572,1
3573,18
3574,14
3575,14
3576,2
3577,16
3578,7
3579,9
3580,13
3581,11
3582,0
3583,8
3584,0
3585,17
3586,11
3587,1
3588,6
3589,17
3590,6
3591,1
3592,19
3593,4
3594,18
3595,8
3596,11
3597,15
3598,3
3599,0
3600,17
3601,16
3602,19
3603,8
3604,4
3605,18
3606,5
3607,19
3608,4
3609,16
3610,0
3611,9
3612,16
3613,15
3614,4
3615,12
3616,12
3617,9
3618,1
3619,9
3620,1
3621,5
3622,4
3623,9
3624,12
3625,17
3626,7
3627,11
3628,7
3629,2
3630,9
3631,14
3632,2
3633,5
3634,12
3635,9
3636,18
3637,8
3638,4
3639,9
3640,8
3641,6
3642,1
3643,8
3644,10
3645,3
3646,5
3647,15
3648,14
3649,1
3650,10
3651,10
3652,10
3653,18
3654,9
3655,14
3656,8
3657,0
3658,3
3659,8
3660,14
3661,5
3662,10
3663,4
3664,8
3665,0
3666,1
3667,14
3668,8
3669,15
3670,11
3671,5
3672,15
3673,17
3674,3
3675,9
3676,4
3677,12
3678,17
3679,5
3680,8
3681,6
3682,0
3683,12
3684,9
3685,7
3686,1
3687,14
3688,14
3689,15
3690,10
3691,0
3692,4
3693,11
3694,5
3695,11
3696,9
3697,2
3698,7
3699,12
3700,19
3701,6
3702,0
3703,0
3704,14
3705,16
3706,19
3707,11
3708,10
3709,0
3710,1
3711,0
3712,0
3713,15
3714,14
3715,0
3716,8
3717,12
3718,16
3719,3
3720,19
3721,17
3722,17
3723,16
3724,18
3725,12
3726,3
3727,19
3728,17
3729,5
3730,6
3731,6
3732,6
3733,9
3734,2
3735,14
3736,17
3737,0
3738,17
3739,0
3740,2
3741,9
3742,16
3743,10
3744,3
3745,10
3746,9
3747,9
3748,5
3749,11
3750,13
3751,11
3752,14
3753,10
3754,16
3755,2
3756,19
3757,19
3758,5
3759,17
3760,1
3761,4
3762,4
3763,1
3764,11
3765,1
3766,10
3767,6
3768,6
3769,3
3770,9
3771,10
3772,4
3773,13
3774,6
3775,17
3776,18
3777,14
3778,6
3779,6
3780,11
3781,7
3782,1
3783,7
3784,1
3785,17
3786,0
3787,15
3788,6
3789,1
3790,10
3791,17
3792,12
3793,15
3794,18
3795,6
3796,7
3797,5
3798,2
3799,19
3800,5
3801,10
3802,10
3803,11
3804,9
3805,17
3806,8
3807,6
3808,1
3809,3
3810,15
3811,1
3812,1
3813,3
3814,13
3815,15
3816,8
3817,15
3818,9
3819,16
3820,0
3821,17
3822,8
3823,16
3824,6
3825,15
3826,10
3827,14
3828,4
3829,19
3830,14
3831,9
3832,2
3833,15
3834,12
3835,2
3836,18
3837,1
3838,12
3839,16
3840,4
3841,5
3842,2
3843,12
3844,7
3845,7
3846,14
3847,18
3848,15
3849,7
3850,5
3851,16
3852,17
3853,4
3854,9
3855,5
3856,14
3857,18
3858,18
3859,4
3860,9
3861,0
3862,4
3863,7
3864,12
3865,9
3866,15
3867,13
3868,15
3869,9
3870,18
3871,14
3872,0
3873,5
3874,16
3875,11
3876,11
3877,10
3878,10
3879,17
3880,9
3881,11
3882,13
3883,11
3884,2
3885,3
3886,15
3887,5
3888,5
3889,4
3890,11
3891,13
3892,8
3893,13
3894,11
3895,13
3896,0
3897,11
3898,4
3899,16
3900,12
3901,6
3902,14
3903,11
3904,15
3905,19
3906,18
3907,9
3908,10
3909,11
3910,8
3911,4
3912,13
3913,8
3914,7
3915,16
3916,14
3917,6
3918,16
3919,19
3920,4
3921,2
3922,19
3923,0
3924,12
3925,11
3926,14
3927,6
3928,4
3929,18
3930,7
3931,16
3932,16
3933,6
3934,16
3935,3
3936,15
3937,17
3938,10
3939,8
3940,13
3941,6
3942,15
3943,6
3944,4
3945,8
3946,5
3947,18
3948,15
3949,2
3950,5
3951,19
3952,4
3953,15
3954,0
3955,9
3956,17
3957,19
3958,18
3959,4
3960,1
3961,0
3962,5
3963,18
3964,3
3965,17
3966,17
3967,11
3968,3
3969,12
3970,6
3971,7
3972,13
3973,1
3974,4
3975,14
3976,9
3977,0
3978,2
3979,19
3980,10
3981,10
3982,16
3983,11
3984,12
3985,5
3986,1
3987,7
3988,16
3989,0
3990,9
3991,8
3992,18
3993,1
3994,0
3995,16
3996,6
3997,9
3998,19
3999,6
4000,0
4001,12
4002,4
4003,1
4004,1
4005,16
4006,13
4007,7
4008,17
4009,10
4010,8
4011,8
4012,19
4013,9
4014,17
4015,2
4016,5
4017,3
4018,12
4019,14
4020,19
4021,8
4022,19
4023,16
4024,15
4025,1
4026,7
4027,7
4028,1
4029,9
4030,5
4031,18
4032,7
4033,5
4034,2
4035,0
4036,11
4037,13
4038,9
4039,0
4040,14
4041,1
4042,9
4043,0
4044,13
4045,1
4046,4
4047,3
4048,4
4049,19
4050,4
4051,7
4052,16
4053,0
4054,0
4055,12
4056,1
4057,18
4058,9
4059,15
4060,13
4061,17
4062,2
4063,1
4064,15
4065,10
4066,5
4067,13
4068,0
4069,8
4070,0
4071,3
4072,14
4073,6
4074,5
4075,8
4076,9
4077,3
4078,18
4079,3
4080,8
4081,14
4082,5
4083,10
4084,5
4085,2
4086,0
4087,8
4088,11
4089,4
4090,17
4091,14
4092,3
4093,13
4094,8
4095,10
4096,11
4097,1
4098,2
4099,19
4100,4
4101,8
4102,6
4103,17
4104,0
4105,0
4106,17
4107,1
4108,8
4109,2
4110,10
4111,12
4112,9
4113,12
4114,8
4115,17
4116,18
4117,7
4118,7
4119,11
4120,12
4121,4
4122,18
4123,14
4124,11
4125,6
4126,1
4127,14
4128,18
4129,5
4130,15
4131,7
4132,18
4133,16
4134,4
4135,0
4136,13
4137,4
4138,1
4139,13
4140,14
4141,2
4142,1
4143,15
4144,1
4145,4
4146,7
4147,4
4148,19
4149,7
4150,17
4151,8
4152,1
4153,2
4154,1
4155,11
4156,6
4157,16
4158,19
4159,13
4160,10
4161,16
4162,18
4163,16
4164,10
4165,5
4166,3
4167,16
4168,2
4169,0
4170,0
4171,4
4172,6
4173,9
4174,9
4175,9
4176,8
4177,2
4178,14
4179,2
4180,13
4181,7
4182,17
4183,0
4184,15
4185,2
4186,0
4187,18
4188,2
4189,2
4190,11
4191,17
4192,13
4193,5
4194,15
4195,9
4196,14
4197,9
4198,8
4199,8
4200,1
4201,8
4202,1
4203,13
4204,8
4205,1
4206,6
4207,5
4208,12
4209,19
4210,3
4211,15
4212,6
4213,10
4214,2
4215,2
4216,16
4217,5
4218,7
4219,1
4220,17
4221,5
4222,12
4223,3
4224,18
4225,15
4226,2
4227,12
4228,11
4229,14
4230,14
4231,0
4232,14
4233,12
4234,10
4235,14
4236,11
4237,11
4238,16
4239,12
4240,6
4241,15
4242,15
4243,3
4244,6
4245,5
4246,4
4247,11
4248,11
4249,9
4250,18
4251,2
4252,9
4253,18
4254,6
4255,3
4256,2
4257,12
4258,11
4259,3
4260,6
4261,9
4262,3
4263,11
4264,3
4265,4
4266,9
4267,18
4268,11
4269,9
4270,17
4271,17
4272,0
4273,16
4274,3
4275,6
4276,18
4277,4
4278,18
4279,0
4280,5
4281,3
4282,5
4283,16
4284,17
4285,6
4286,6
4287,9
4288,10
4289,17
4290,8
4291,3
4292,7
4293,12
4294,12
4295,13
4296,18
4297,16
4298,3
4299,12
4300,10
4301,13
4302,5
4303,8
4304,5
4305,18
4306,18
4307,13
4308,6
4309,15
4310,5
4311,0
4312,6
4313,11
4314,16
4315,11
4316,2
4317,17
4318,8
4319,11
4320,4
4321,4
4322,18
4323,16
4324,16
4325,14
4326,11
4327,16
4328,16
4329,0
4330,3
4331,10
4332,13
4333,6
4334,4
4335,18
4336,16
4337,2
4338,18
4339,11
4340,4
4341,0
4342,10
4343,14
4344,6
4345,16
4346,7
4347,14
4348,12
4349,11
4350,8
4351,5
4352,2
4353,13
4354,7
4355,7
4356,13
4357,16
4358,14
4359,7
4360,15
4361,16
4362,11
4363,9
4364,0
4365,11
4366,3
4367,16
4368,1
4369,5
4370,17
4371,17
4372,6
4373,12
4374,18
4375,12
4376,14
4377,3
4378,2
4379,19
4380,12
4381,6
4382,2
4383,3
4384,10
4385,7
4386,5
4387,16
4388,19
4389,11
4390,11
4391,0
4392,13
4393,5
4394,16
4395,5
4396,2
4397,16
4398,3
4399,14
4400,10
4401,18
4402,6
4403,2
4404,16
4405,12
4406,17
4407,13
4408,14
4409,16
4410,8
4411,19
4412,14
4413,9
4414,1
4415,12
4416,1
4417,13
4418,17
4419,18
4420,14
4421,9
4422,9
4423,9
4424,19
4425,3
4426,13
4427,13
4428,14
4429,1
4430,4
4431,4
4432,12
4433,18
4434,3
4435,8
4436,5
4437,8
4438,19
4439,6
4440,19
4441,7
4442,18
4443,3
4444,19
4445,16
4446,7
4447,4
4448,9
4449,6
4450,8
4451,8
4452,9
4453,8
4454,15
4455,9
4456,2
4457,10
4458,1
4459,9
4460,7
4461,4
4462,0
4463,2
4464,17
4465,5
4466,8
4467,12
4468,16
4469,13
4470,5
4471,6
4472,8
4473,12
4474,6
4475,1
4476,18
4477,3
4478,2
4479,7
4480,15
4481,8
4482,15
4483,13
4484,1
4485,4
4486,2
4487,18
4488,16
4489,13
4490,19
4491,14
4492,1
4493,14
4494,7
4495,0
4496,1
4497,12
4498,15
4499,17
4500,8
4501,3
4502,4
4503,0
4504,6
4505,5
4506,9
4507,17
4508,18
4509,13
4510,12
4511,19
4512,7
4513,13
4514,14
4515,8
4516,14
4517,5
4518,8
4519,18
4520,3
4521,5
4522,3
4523,0
4524,14
4525,11
4526,5
4527,0
4528,2
4529,18
4530,11
4531,18
4532,12
4533,14
4534,7
4535,6
4536,9
4537,8
4538,0
4539,10
4540,15
4541,5
4542,19
4543,9
4544,11
4545,2
4546,16
4547,15
4548,17
4549,12
4550,19
4551,13
4552,15
4553,11
4554,7
4555,8
4556,16
4557,4
4558,5
4559,2
4560,14
4561,11
4562,6
4563,5
4564,2
4565,12
4566,9
4567,8
4568,8
4569,7
4570,8
4571,12
4572,2
4573,4
4574,8
4575,0
4576,7
4577,16
4578,2
4579,10
4580,6
4581,7
4582,2
4583,10
4584,10
4585,6
4586,18
4587,3
4588,12
4589,9
4590,4
4591,10
4592,3
4593,15
4594,16
4595,15
4596,16
4597,4
4598,18
4599,8
4600,0
4601,14
4602,16
4603,7
4604,10
4605,15
4606,0
4607,19
4608,11
4609,14
4610,12
4611,15
4612,5
4613,13
4614,8
4615,9
4616,13
4617,9
4618,3
4619,13
4620,16
4621,12
4622,2
4623,2
4624,2
4625,9
4626,11
4627,14
4628,5
4629,14
4630,18
4631,9
4632,6
4633,7
4634,5
4635,1
4636,16
4637,18
4638,15
4639,4
4640,10
4641,7
4642,12
4643,6
4644,2
4645,2
4646,0
4647,14
4648,11
4649,17
4650,6
4651,13
4652,7
4653,1
4654,8
4655,13
4656,15
4657,2
4658,18
4659,15
4660,8
4661,4
4662,10
4663,15
4664,0
4665,12
4666,9
4667,9
4668,1
4669,6
4670,9
4671,12
4672,10
4673,4
4674,16
4675,19
4676,18
4677,14
4678,10
4679,14
4680,0
4681,6
4682,8
4683,16
4684,4
4685,19
4686,16
4687,15
4688,15
4689,2
4690,13
4691,3
4692,2
4693,16
4694,5
4695,1
4696,13
4697,2
4698,9
4699,3
4700,5
4701,15
4702,16
4703,4
4704,9
4705,5
4706,11
4707,2
4708,9
4709,18
4710,13
4711,14
4712,16
4713,7
4714,13
4715,17
4716,13
4717,16
4718,17
4719,9
4720,13
4721,0
4722,0
4723,6
4724,5
4725,19
4726,11
4727,8
4728,17
4729,17
4730,18
4731,12
4732,2
4733,7
4734,4
4735,0
4736,18
4737,17
4738,1
4739,12
4740,1
4741,18
4742,18
4743,6
4744,12
4745,9
4746,1
4747,3
4748,4
4749,19
4750,14
4751,3
4752,2
4753,6
4754,3
4755,9
4756,6
4757,17
4758,16
4759,8
4760,17
4761,2
4762,4
4763,19
4764,7
4765,12
4766,17
4767,10
4768,5
4769,10
4770,4
4771,13
4772,0
4773,17
4774,19
4775,6
4776,4
4777,8
4778,18
4779,15
4780,16
4781,9
4782,1
4783,12
4784,15
4785,2
4786,15
4787,9
4788,2
4789,19
4790,2
4791,16
4792,19
4793,17
4794,9
4795,6
4796,2
4797,17
4798,4
4799,14
4800,2
4801,1
4802,15
4803,19
4804,17
4805,8
4806,12
4807,18
4808,18
4809,2
4810,15
4811,9
4812,5
4813,8
4814,15
4815,9
4816,8
4817,13
4818,4
4819,9
4820,12
4821,14
4822,10
4823,14
4824,9
4825,4
4826,19
4827,16
4828,6
4829,2
4830,18
4831,17
4832,17
4833,19
4834,14
4835,2
4836,6
4837,17
4838,18
4839,14
4840,4
4841,6
4842,4
4843,18
4844,0
4845,13
4846,17
4847,18
4848,17
4849,0
4850,17
4851,13
4852,12
4853,2
4854,9
4855,3
4856,7
4857,17
4858,7
4859,16
4860,5
4861,17
4862,14
4863,5
4864,11
4865,4
4866,17
4867,16
4868,6
4869,19
4870,10
4871,15
4872,7
4873,2
4874,19
4875,12
4876,10
4877,11
4878,10
4879,14
4880,17
4881,13
4882,3
4883,19
4884,7
4885,7
4886,14
4887,7
4888,2
4889,13
4890,9
4891,6
4892,10
4893,5
4894,8
4895,10
4896,0
4897,13
4898,5
4899,10
4900,19
4901,9
4902,17
4903,19
4904,5
4905,9
4906,9
4907,1
4908,4
4909,17
4910,17
4911,19
4912,16
4913,17
4914,16
4915,18
4916,17
4917,12
4918,3
4919,1
4920,6
4921,2
4922,13
4923,0
4924,8
4925,11
4926,2
4927,8
4928,8
4929,2
4930,7
4931,15
4932,11
4933,6
4934,0
4935,9
4936,17
4937,17
4938,12
4939,3
4940,12
4941,2
4942,10
4943,9
4944,19
4945,4
4946,1
4947,12
4948,5
4949,3
4950,13
4951,10
4952,19
4953,3
4954,4
4955,11
4956,13
4957,3
4958,9
4959,19
4960,16
4961,12
4962,7
4963,6
4964,12
4965,5
4966,12
4967,12
4968,14
4969,9
4970,17
4971,7
4972,8
4973,8
4974,12
4975,5
4976,10
4977,5
4978,10
4979,14
4980,17
4981,0
4982,15
4983,18
4984,9
4985,4
4986,13
4987,1
4988,1
4989,0
4990,11
4991,5
4992,11
4993,19
4994,1
4995,6
4996,18
4997,19
4998,15
4999,4
5000,19
5001,15
5002,18
5003,9
5004,17
5005,15
5006,3
5007,15
5008,1
5009,4
5010,16
5011,17
5012,16
5013,8
5014,17
5015,9
5016,0
5017,12
5018,2
5019,0
5020,5
5021,19
5022,9
5023,13
5024,16
5025,1
5026,4
5027,18
5028,4
5029,9
5030,19
5031,7
5032,3
5033,19
5034,15
5035,5
5036,5
5037,16
5038,7
5039,4
5040,12
5041,10
5042,13
5043,16
5044,3
5045,9
5046,1
5047,3
5048,3
5049,14
5050,13
5051,6
5052,18
5053,14
5054,12
5055,10
5056,8
5057,18
5058,15
5059,5
5060,9
5061,4
5062,5
5063,0
5064,17
5065,17
5066,15
5067,9
5068,5
5069,17
5070,5
5071,9
5072,12
5073,14
5074,8
5075,2
5076,12
5077,11
5078,1
5079,1
5080,3
5081,18
5082,13
5083,6
5084,15
5085,3
5086,17
5087,9
5088,6
5089,15
5090,4
5091,0
5092,14
5093,17
5094,6
5095,4
5096,16
5097,3
5098,14
5099,18
5100,17
5101,12
5102,15
5103,13
5104,2
5105,14
5106,7
5107,12
5108,11
5109,12
5110,7
5111,12
5112,0
5113,18
5114,7
5115,6
5116,9
5117,12
5118,19
5119,16
5120,2
5121,14
5122,13
5123,13
5124,7
5125,2
5126,13
5127,12
5128,8
5129,2
5130,5
5131,19
5132,4
5133,18
5134,8
5135,14
5136,3
5137,7
5138,8
5139,18
5140,12
5141,4
5142,12
5143,9
5144,5
5145,4
5146,9
5147,18
5148,6
5149,10
5150,2
5151,10
5152,16
5153,13
5154,18
5155,1
5156,15
5157,18
5158,18
5159,16
5160,19
5161,16
5162,15
5163,0
5164,0
5165,15
5166,12
5167,5
5168,14
5169,0
5170,14
5171,7
5172,1
5173,3
5174,18
5175,6
5176,9
5177,16
5178,8
5179,9
5180,16
5181,14
5182,13
5183,15
5184,8
5185,18
5186,0
5187,12
5188,1
5189,5
5190,8
5191,11
5192,7
5193,18
5194,7
5195,7
5196,8
5197,19
5198,5
5199,8
5200,17
5201,14
5202,11
5203,8
5204,14
5205,15
5206,14
5207,4
5208,14
5209,0
5210,12
5211,16
5212,13
5213,18
5214,6
5215,6
5216,8
5217,16
5218,17
5219,13
5220,6
5221,19
5222,11
5223,0
5224,18
5225,14
5226,5
5227,6
5228,16
5229,16
5230,19
5231,17
5232,2
5233,12
5234,2
5235,11
5236,6
5237,9
5238,18
5239,2
5240,6
5241,1
5242,12
5243,2
5244,2
5245,4
5246,3
5247,9
5248,8
5249,12
5250,8
5251,14
5252,2
5253,16
5254,3
5255,10
5256,14
5257,1
5258,15
5259,3
5260,14
5261,13
5262,7
5263,0
5264,12
5265,4
5266,12
5267,15
5268,19
5269,9
5270,9
5271,13
5272,12
5273,11
5274,15
5275,10
5276,16
5277,2
5278,10
5279,19
5280,5
5281,14
5282,9
5283,13
5284,5
5285,13
5286,7
5287,9
5288,7
5289,2
5290,11
5291,5
5292,13
5293,4
5294,3
5295,8
5296,8
5297,11
5298,7
5299,12
5300,3
5301,19
5302,19
5303,14
5304,11
5305,12
5306,15
5307,14
5308,12
5309,17
5310,8
5311,11
5312,1
5313,15
5314,1
5315,11
5316,15
5317,2
5318,15
5319,18
5320,16
5321,19
5322,13
5323,3
5324,4
5325,11
5326,0
5327,2
5328,4
5329,6
5330,4
5331,8
5332,9
5333,1
5334,7
5335,12
5336,8
5337,0
5338,7
5339,8
5340,12
5341,1
5342,1
5343,15
5344,19
5345,6
5346,5
5347,3
5348,1
5349,6
5350,5
5351,18
5352,4
5353,12
5354,4
5355,4
5356,15
5357,1
5358,4
5359,15
5360,3
5361,7
5362,16
5363,8
5364,5
5365,18
5366,1
5367,13
5368,13
5369,9
5370,12
5371,9
5372,0
5373,2
5374,19
5375,4
5376,13
5377,8
5378,15
5379,8
5380,1
5381,10
5382,3
5383,0
5384,14
5385,18
5386,12
5387,7
5388,8
5389,7
5390,0
5391,8
5392,0
5393,12
5394,16
5395,0
5396,19
5397,19
5398,4
5399,17
5400,9
5401,5
5402,6
5403,18
5404,0
5405,7
5406,1
5407,6
5408,3
5409,13
5410,4
5411,9
5412,1
5413,11
5414,17
5415,5
5416,16
5417,13
5418,8
5419,14
5420,2
5421,0
5422,9
5423,10
5424,19
5425,4
5426,1
5427,12
5428,18
5429,11
5430,7
5431,5
5432,7
5433,10
5434,19
5435,7
5436,15
5437,15
5438,16
5439,12
5440,19
5441,12
5442,1
5443,12
5444,3
5445,0
5446,8
5447,15
5448,17
5449,7
5450,15
5451,3
5452,11
5453,11
5454,19
5455,1
5456,16
5457,13
5458,18
5459,13
5460,12
5461,17
5462,15
5463,11
5464,17
5465,19
5466,10
5467,10
5468,18
5469,17
5470,5
5471,9
5472,15
5473,15
5474,6
5475,12
5476,10
5477,3
5478,8
5479,8
5480,17
5481,8
5482,0
5483,15
5484,1
5485,7
5486,16
5487,18
5488,2
5489,14
5490,2
5491,15
5492,3
5493,17
5494,8
5495,16
5496,5
5497,8
5498,7
5499,9
5500,13
5501,5
5502,12
5503,5
5504,3
5505,2
5506,9
5507,7
5508,1
5509,14
5510,0
5511,6
5512,8
5513,10
5514,17
5515,19
5516,7
5517,2
5518,18
5519,8
5520,17
5521,6
5522,3
5523,6
5524,14
5525,18
5526,6
5527,12
5528,0
5529,3
5530,17
5531,7
5532,1
5533,2
5534,18
5535,1
5536,10
5537,14
5538,2
5539,15
5540,8
5541,12
5542,15
5543,15
5544,14
5545,5
5546,7
5547,14
5548,17
5549,11
5550,10
5551,5
5552,8
5553,15
5554,18
5555,16
5556,1
5557,10
5558,14
5559,0
5560,7
5561,15
5562,1
5563,6
5564,12
5565,14
5566,16
5567,8
5568,15
5569,19
5570,3
5571,1
5572,6
5573,14
5574,12
5575,7
5576,0
5577,11
5578,18
5579,5
5580,5
5581,12
5582,2
5583,6
5584,4
5585,11
5586,1
5587,12
5588,19
5589,19
5590,4
5591,14
5592,3
5593,8
5594,10
5595,6
5596,4
5597,14
5598,13
5599,12
5600,8
5601,0
5602,10
5603,0
5604,14
5605,12
5606,9
5607,11
5608,5
5609,11
5610,14
5611,12
5612,15
5613,0
5614,13
5615,12
5616,12
5617,9
5618,5
5619,16
5620,7
5621,10
5622,14
5623,14
5624,3
5625,9
5626,15
5627,11
5628,4
5629,6
5630,12
5631,14
5632,12
5633,19
5634,6
5635,0
5636,9
5637,16
5638,0
5639,10
5640,7
5641,14
5642,12
5643,2
5644,14
5645,6
5646,11
5647,13
5648,9
5649,9
5650,9
5651,9
5652,2
5653,16
5654,15
5655,7
5656,17
5657,1
5658,16
5659,17
5660,18
5661,14
5662,6
5663,0
5664,11
5665,19
5666,13
5667,0
5668,11
5669,2
5670,1
5671,12
5672,5
5673,7
5674,7
5675,18
5676,16
5677,13
5678,17
5679,2
5680,12
5681,5
5682,16
5683,11
5684,11
5685,9
5686,14
5687,3
5688,9
5689,8
5690,18
5691,4
5692,7
5693,10
5694,15
5695,8
5696,12
5697,3
5698,10
5699,16
5700,17
5701,4
5702,11
5703,9
5704,10
5705,7
5706,18
5707,2
5708,15
5709,13
5710,19
5711,13
5712,12
5713,18
5714,2
5715,2
5716,18
5717,0
5718,0
5719,16
5720,6
5721,12
5722,9
5723,5
5724,1
5725,19
5726,9
5727,16
5728,4
5729,17
5730,12
5731,0
5732,4
5733,12
5734,16
5735,17
5736,9
5737,14
5738,4
5739,5
5740,0
5741,7
5742,12
5743,19
5744,16
5745,12
5746,12
5747,15
5748,19
5749,8
5750,2
5751,2
5752,9
5753,17
5754,15
5755,10
5756,12
5757,8
5758,17
5759,0
5760,11
5761,13
5762,5
5763,5
5764,15
5765,6
5766,15
5767,2
5768,13
5769,15
5770,18
5771,10
5772,15
5773,7
5774,16
5775,19
5776,13
5777,18
5778,4
5779,1
5780,8
5781,13
5782,16
5783,14
5784,17
5785,14
5786,11
5787,10
5788,4
5789,3
5790,14
5791,18
5792,13
5793,8
5794,5
5795,1
5796,11
5797,7
5798,7
5799,15
5800,13
5801,10
5802,13
5803,14
5804,13
5805,17
5806,15
5807,16
5808,14
5809,8
5810,5
5811,8
5812,3
5813,11
5814,15
5815,0
5816,16
5817,16
5818,12
5819,12
5820,8
5821,0
5822,19
5823,10
5824,3
5825,5
5826,16
5827,9
5828,19
5829,12
5830,15
5831,7
5832,7
5833,9
5834,10
5835,14
5836,17
5837,13
5838,16
5839,4
5840,12
5841,9
5842,14
5843,16
5844,0
5845,0
5846,7
5847,7
5848,15
5849,4
5850,6
5851,14
5852,15
5853,16
5854,17
5855,14
5856,0
5857,1
5858,19
5859,13
5860,5
5861,9
5862,9
5863,16
5864,8
5865,1
5866,10
5867,17
5868,12
5869,14
5870,14
5871,4
5872,12
5873,1
5874,5
5875,18
5876,1
5877,11
5878,9
5879,3
5880,18
5881,8
5882,0
5883,18
5884,13
5885,18
5886,19
5887,6
5888,9
5889,11
5890,0
5891,18
5892,9
5893,5
5894,12
5895,15
5896,7
5897,13
5898,19
5899,6
5900,16
5901,7
5902,0
5903,19
5904,14
5905,17
5906,2
5907,15
5908,8
5909,17
5910,15
5911,12
5912,7
5913,17
5914,14
5915,19
5916,0
5917,15
5918,17
5919,15
5920,5
5921,2
5922,7
5923,17
5924,19
5925,18
5926,7
5927,11
5928,11
5929,19
5930,13
5931,9
5932,12
5933,5
5934,8
5935,8
5936,14
5937,5
5938,9
5939,19
5940,6
5941,14
5942,13
5943,3
5944,13
5945,9
5946,9
5947,1
5948,10
5949,19
5950,19
5951,14
5952,4
5953,3
5954,15
5955,18
5956,13
5957,18
5958,5
5959,3
5960,7
5961,0
5962,10
5963,5
5964,12
5965,14
5966,2
5967,19
5968,0
5969,6
5970,7
5971,11
5972,10
5973,1
5974,2
5975,6
5976,2
5977,6
5978,7
5979,4
5980,14
5981,4
5982,8
5983,15
5984,4
5985,12
5986,9
5987,6
5988,4
5989,16
5990,19
5991,19
5992,0
5993,12
5994,19
5995,13
5996,7
5997,9
5998,8
5999,10
6000,18
6001,14
6002,7
6003,15
6004,4
6005,18
6006,12
6007,5
6008,0
6009,2
6010,9
6011,13
6012,16
6013,11
6014,7
6015,3
6016,14
6017,18
6018,6
6019,5
6020,14
6021,11
6022,18
6023,8
6024,10
6025,10
6026,13
6027,10
6028,19
6029,19
6030,15
6031,11
6032,8
6033,8
6034,16
6035,4
6036,0
6037,4
6038,18
6039,4
6040,8
6041,6
6042,19
6043,0
6044,10
6045,11
6046,14
6047,4
6048,12
6049,7
6050,7
6051,8
6052,11
6053,13
6054,6
6055,11
6056,8
6057,10
6058,15
6059,10
6060,0
6061,7
6062,19
6063,9
6064,0
6065,12
6066,10
6067,1
6068,9
6069,6
6070,9
6071,6
6072,14
6073,16
6074,1
6075,11
6076,14
6077,9
6078,18
6079,1
6080,16
6081,13
6082,4
6083,11
6084,11
6085,14
6086,19
6087,15
6088,5
6089,16
6090,14
6091,6
6092,4
6093,1
6094,13
6095,16
6096,17
6097,4
6098,13
6099,13
6100,10
6101,7
6102,13
6103,3
6104,3
6105,2
6106,19
6107,10
6108,1
6109,8
6110,17
6111,11
6112,14
6113,6
6114,6
6115,14
6116,6
6117,0
6118,5
6119,6
6120,15
6121,11
6122,17
6123,17
6124,2
6125,0
6126,5
6127,0
6128,3
6129,1
6130,10
6131,5
6132,19
6133,13
6134,10
6135,2
6136,14
6137,15
6138,1
6139,5
6140,9
6141,2
6142,13
6143,7
6144,1
6145,5
6146,18
6147,14
6148,4
6149,11
6150,9
6151,0
6152,14
6153,16
6154,1
6155,18
6156,15
6157,19
6158,9
6159,1
6160,17
6161,9
6162,16
6163,9
6164,3
6165,6
6166,14
6167,1
6168,0
6169,16
6170,17
6171,7
6172,7
6173,12
6174,12
6175,9
6176,9
6177,6
6178,19
6179,15
6180,17
6181,16
6182,18
6183,10
6184,12
6185,3
6186,5
6187,13
6188,15
6189,9
6190,7
6191,12
6192,6
6193,12
6194,18
6195,1
6196,11
6197,8
6198,1
6199,19
6200,5
6201,2
6202,2
6203,7
6204,1
6205,10
6206,17
6207,19
6208,17
6209,14
6210,17
6211,11
6212,18
6213,12
6214,3
6215,19
6216,4
6217,15
6218,9
6219,6
6220,8
6221,15
6222,4
6223,4
6224,15
6225,2
6226,0
6227,8
6228,13
6229,2
6230,18
6231,8
6232,15
6233,19
6234,17
6235,14
6236,19
6237,3
6238,17
6239,6
6240,1
6241,12
6242,10
6243,4
6244,10
6245,14
6246,19
6247,5
6248,7
6249,19
6250,17
6251,17
6252,11
6253,17
6254,9
6255,12
6256,9
6257,11
6258,15
6259,3
6260,18
6261,9
6262,14
6263,10
6264,7
6265,4
6266,9
6267,15
6268,1
6269,11
6270,9
6271,14
6272,16
6273,7
6274,17
6275,6
6276,17
6277,11
6278,18
6279,1
6280,17
6281,13
6282,9
6283,8
6284,14
6285,8
6286,2
6287,3
6288,0
6289,14
6290,4
6291,7
6292,5
6293,10
6294,9
6295,9
6296,16
6297,17
6298,7
6299,3
6300,3
6301,12
6302,16
6303,4
6304,12
6305,15
6306,3
6307,16
6308,0
6309,5
6310,15
6311,17
6312,11
6313,17
6314,15
6315,16
6316,16
6317,10
6318,6
6319,15
6320,16
6321,11
6322,17
6323,4
6324,11
6325,8
6326,16
6327,12
6328,2
6329,7
6330,7
6331,7
6332,13
6333,19
6334,15
6335,4
6336,7
6337,13
6338,0
6339,0
6340,15
6341,9
6342,19
6343,18
6344,18
6345,2
6346,12
6347,7
6348,9
6349,12
6350,8
6351,9
6352,19
6353,11
6354,11
6355,17
6356,2
6357,7
6358,3
6359,1
6360,18
6361,3
6362,14
6363,17
6364,0
6365,17
6366,0
6367,11
6368,3
6369,7
6370,10
6371,17
6372,19
6373,6
6374,13
6375,0
6376,18
6377,14
6378,2
6379,3
6380,13
6381,7
6382,0
6383,1
6384,3
6385,4
6386,9
6387,15
6388,18
6389,15
6390,14
6391,15
6392,11
6393,16
6394,11
6395,2
6396,15
6397,4
6398,17
6399,3
6400,10
6401,1
6402,5
6403,18
6404,8
6405,14
6406,12
6407,1
6408,7
6409,0
6410,11
6411,15
6412,7
6413,8
6414,14
6415,6
6416,9
6417,6
6418,11
6419,5
6420,1
6421,19
6422,7
6423,11
6424,14
6425,15
6426,4
6427,17
6428,6
6429,2
6430,8
6431,18
6432,8
6433,2
6434,16
6435,8
6436,5
6437,18
6438,12
6439,5
6440,14
6441,12
6442,13
6443,18
6444,18
6445,14
6446,15
6447,16
6448,1
6449,19
6450,10
6451,6
6452,16
6453,19
6454,7
6455,18
6456,0
6457,19
6458,18
6459,4
6460,11
6461,1
6462,7
6463,11
6464,6
6465,16
6466,12
6467,19
6468,13
6469,11
6470,4
6471,4
6472,1
6473,7
6474,6
6475,13
6476,1
6477,13
6478,7
6479,5
6480,14
6481,3
6482,1
6483,13
6484,19
6485,10
6486,10
6487,1
6488,17
6489,5
6490,12
6491,17
6492,14
6493,12
6494,16
6495,17
6496,14
6497,8
6498,9
6499,2
6500,18
6501,8
6502,9
6503,13
6504,2
6505,10
6506,6
6507,17
6508,11
6509,6
6510,16
6511,5
6512,13
6513,3
6514,17
6515,13
6516,19
6517,14
6518,17
6519,17
6520,15
6521,15
6522,9
6523,19
6524,16
6525,17
6526,6
6527,19
6528,11
6529,3
6530,3
6531,3
6532,19
6533,10
6534,13
6535,4
6536,0
6537,5
6538,5
6539,12
6540,1
6541,8
6542,6
6543,16
6544,6
6545,18
6546,1
6547,12
6548,8
6549,3
6550,17
6551,3
6552,10
6553,11
6554,2
6555,2
6556,7
6557,15
6558,19
6559,3
6560,14
6561,17
6562,15
6563,7
6564,6
6565,10
6566,19
6567,9
6568,5
6569,13
6570,2
6571,4
6572,10
6573,17
6574,8
6575,5
6576,3
6577,15
6578,5
6579,0
6580,12
6581,2
6582,7
6583,16
6584,16
6585,5
6586,14
6587,15
6588,18
6589,17
6590,8
6591,17
6592,10
6593,13
6594,9
6595,7
6596,5
6597,0
6598,8
6599,14
6600,13
6601,0
6602,3
6603,6
6604,3
6605,17
6606,0
6607,2
6608,17
6609,12
6610,14
6611,13
6612,18
6613,17
6614,12
6615,0
6616,11
6617,14
6618,3
6619,5
6620,0
6621,15
6622,4
6623,11
6624,18
6625,7
6626,15
6627,16
6628,12
6629,8
6630,2
6631,7
6632,4
6633,9
6634,0
6635,14
6636,16
6637,8
6638,15
6639,6
6640,0
6641,7
6642,11
6643,1
6644,12
6645,15
6646,17
6647,10
6648,15
6649,7
6650,2
6651,14
6652,14
6653,10
6654,18
6655,10
6656,16
6657,16
6658,19
6659,3
6660,16
6661,7
6662,19
6663,5
6664,7
6665,18
6666,9
6667,11
6668,11
6669,4
6670,13
6671,15
6672,7
6673,3
6674,7
6675,2
6676,0
6677,16
6678,4
6679,0
6680,1
6681,9
6682,13
6683,15
6684,8
6685,12
6686,8
6687,13
6688,5
6689,16
6690,11
6691,1
6692,12
6693,12
6694,12
6695,17
6696,1
6697,4
6698,16
6699,6
6700,14
6701,2
6702,5
6703,13
6704,16
6705,6
6706,9
6707,16
6708,3
6709,7
6710,1
6711,10
6712,10
6713,8
6714,13
6715,12
6716,17
6717,2
6718,18
6719,2
6720,3
6721,17
6722,5
6723,11
6724,7
6725,9
6726,11
6727,15
6728,10
6729,7
6730,19
6731,10
6732,1
6733,7
6734,15
6735,1
6736,0
6737,9
6738,1
6739,13
6740,17
6741,5
6742,13
6743,5
6744,4
6745,1
6746,13
6747,18
6748,14
6749,19
6750,7
6751,13
6752,10
6753,5
6754,9
6755,8
6756,16
6757,5
6758,0
6759,8
6760,2
6761,16
6762,16
6763,14
6764,17
6765,1
6766,13
6767,4
6768,3
6769,14
6770,0
6771,3
6772,4
6773,0
6774,0
6775,11
6776,14
6777,9
6778,17
6779,12
6780,2
6781,17
6782,3
6783,15
6784,7
6785,10
6786,11
6787,4
6788,17
6789,6
6790,10
6791,1
6792,0
6793,15
6794,4
6795,15
6796,15
6797,10
6798,4
6799,0
6800,6
6801,13
6802,0
6803,17
6804,2
6805,7
6806,19
6807,6
6808,8
6809,19
6810,10
6811,9
6812,15
6813,6
6814,13
6815,1
6816,12
6817,16
6818,16
6819,10
6820,10
6821,8
6822,7
6823,12
6824,3
6825,6
6826,18
6827,10
6828,5
6829,18
6830,16
6831,0
6832,10
6833,11
6834,4
6835,2
6836,1
6837,8
6838,1
6839,15
6840,6
6841,13
6842,12
6843,4
6844,18
6845,0
6846,6
6847,16
6848,2
6849,8
6850,15
6851,10
6852,19
6853,14
6854,10
6855,0
6856,1
6857,7
6858,7
6859,16
6860,1
6861,12
6862,17
6863,0
6864,9
6865,13
6866,15
6867,18
6868,13
6869,18
6870,17
6871,10
6872,8
6873,4
6874,11
6875,19
6876,10
6877,1
6878,17
6879,0
6880,14
6881,7
6882,9
6883,3
6884,11
6885,7
6886,6
6887,17
6888,9
6889,16
6890,15
6891,6
6892,3
6893,2
6894,6
6895,12
6896,10
6897,0
6898,10
6899,0
6900,3
6901,1
6902,0
6903,18
6904,14
6905,19
6906,11
6907,12
6908,9
6909,15
6910,6
6911,19
6912,16
6913,6
6914,11
6915,19
6916,18
6917,3
6918,1
6919,4
6920,9
6921,16
6922,4
6923,9
6924,8
6925,8
6926,15
6927,18
6928,13
6929,17
6930,9
6931,7
6932,2
6933,9
6934,17
6935,8
6936,1
6937,4
6938,0
6939,0
6940,16
6941,0
6942,1
6943,12
6944,9
6945,2
6946,19
6947,2
6948,18
6949,19
6950,14
6951,12
6952,17
6953,5
6954,1
6955,16
6956,18
6957,15
6958,10
6959,15
6960,5
6961,1
6962,18
6963,7
6964,17
6965,7
6966,11
6967,5
6968,0
6969,9
6970,4
6971,17
6972,5
6973,4
6974,8
6975,4
6976,13
6977,17
6978,16
6979,12
6980,7
6981,9
6982,3
6983,19
6984,16
6985,14
6986,6
6987,18
6988,10
6989,4
6990,18
6991,2
6992,9
6993,16
6994,18
6995,13
6996,9
6997,18
6998,15
6999,12
7000,6
7001,0
7002,10
7003,19
7004,17
7005,11
7006,4
7007,9
7008,12
7009,1
7010,15
7011,6
7012,1
7013,9
7014,14
7015,8
7016,11
7017,12
7018,18
7019,0
7020,1
7021,18
7022,0
7023,3
7024,10
7025,17
7026,15
7027,0
7028,15
7029,14
7030,14
7031,16
7032,9
7033,0
7034,0
7035,6
7036,0
7037,19
7038,13
7039,7
7040,16
7041,16
7042,6
7043,10
7044,12
7045,1
7046,15
7047,16
7048,4
7049,2
7050,10
7051,16
7052,17
7053,9
7054,2
7055,1
7056,4
7057,12
7058,11
7059,19
7060,17
7061,3
7062,18
7063,4
7064,14
7065,18
7066,9
7067,1
7068,13
7069,8
7070,8
7071,14
7072,13
7073,11
7074,16
7075,15
7076,2
7077,16
7078,10
7079,8
7080,3
7081,17
7082,3
7083,8
7084,5
7085,2
7086,14
7087,8
7088,16
7089,11
7090,9
7091,7
7092,17
7093,1
7094,16
7095,0
7096,10
7097,8
7098,17
7099,1
7100,2
7101,15
7102,7
7103,19
7104,15
7105,13
7106,10
7107,2
7108,18
7109,9
7110,7
7111,10
7112,9
7113,9
7114,0
7115,17
7116,0
7117,1
7118,6
7119,18
7120,5
7121,10
7122,3
7123,10
7124,11
7125,10
7126,19
7127,17
7128,13
7129,2
7130,3
7131,18
7132,12
7133,8
7134,12
7135,6
7136,7
7137,19
7138,7
7139,5
7140,5
7141,17
7142,10
7143,14
7144,10
7145,18
7146,13
7147,2
7148,18
7149,10
7150,12
7151,8
7152,10
7153,13
7154,19
7155,10
7156,5
7157,13
7158,19
7159,17
7160,9
7161,5
7162,5
7163,7
7164,15
7165,5
7166,5
7167,13
7168,18
7169,6
7170,6
7171,10
7172,19
7173,16
7174,11
7175,11
7176,2
7177,4
7178,12
7179,15
7180,1
7181,11
7182,6
7183,1
7184,0
7185,6
7186,11
7187,16
7188,6
7189,7
7190,11
7191,9
7192,8
7193,0
7194,14
7195,13
7196,1
7197,6
7198,15
7199,9
7200,0
7201,10
7202,6
7203,8
7204,8
7205,16
7206,8
7207,7
7208,6
7209,16
7210,1
7211,7
7212,2
7213,17
7214,10
7215,5
7216,10
7217,17
7218,8
7219,2
7220,19
7221,16
7222,6
7223,12
7224,8
7225,18
7226,18
7227,15
7228,10
7229,6
7230,1
7231,1
7232,16
7233,3
7234,6
7235,2
7236,10
7237,11
7238,2
7239,9
7240,7
7241,3
7242,10
7243,6
7244,17
7245,14
7246,14
7247,16
7248,3
7249,6
7250,3
7251,14
7252,10
7253,4
7254,0
7255,6
7256,8
7257,5
7258,16
7259,3
7260,13
7261,3
7262,2
7263,1
7264,17
7265,17
7266,17
7267,9
7268,13
7269,5
7270,13
7271,10
7272,9
7273,11
7274,5
7275,19
7276,10
7277,16
7278,0
7279,9
7280,5
7281,19
7282,7
7283,16
7284,6
7285,18
7286,0
7287,4
7288,17
7289,2
7290,1
7291,16
7292,13
7293,8
7294,1
7295,14
7296,11
7297,12
7298,6
7299,5
7300,9
7301,17
7302,4
7303,10
7304,6
7305,3
7306,0
7307,13
7308,12
7309,0
7310,16
7311,6
7312,2
7313,15
7314,11
7315,19
7316,10
7317,14
7318,1
7319,8
7320,8
7321,8
7322,11
7323,18
7324,9
7325,5
7326,0
7327,3
7328,11
7329,8
7330,8
7331,8
7332,1
7333,14
7334,1
7335,6
7336,1
7337,6
7338,16
7339,8
7340,13
7341,17
7342,10
7343,18
7344,18
7345,6
7346,2
7347,12
7348,4
7349,2
7350,10
7351,4
7352,5
7353,10
7354,1
7355,18
7356,17
7357,1
7358,6
7359,13
7360,2
7361,1
7362,13
7363,15
7364,11
7365,4
7366,14
7367,7
7368,10
7369,0
7370,17
7371,10
7372,2
7373,13
7374,14
7375,8
7376,13
7377,9
7378,19
7379,4
7380,17
7381,13
7382,5
7383,5
7384,12
7385,9
7386,14
7387,11
7388,18
7389,18
7390,2
7391,15
7392,18
7393,4
7394,5
7395,15
7396,10
7397,13
7398,18
7399,6
7400,13
7401,18
7402,13
7403,5
7404,16
7405,9
7406,4
7407,6
7408,11
7409,0
7410,17
7411,13
7412,17
7413,15
7414,19
7415,2
7416,7
7417,10
7418,6
7419,8
7420,15
7421,7
7422,13
7423,17
7424,3
7425,9
7426,19
7427,9
7428,17
7429,0
7430,8
7431,15
7432,1
7433,10
7434,15
7435,19
7436,15
7437,7
7438,11
7439,14
7440,18
7441,13
7442,4
7443,11
7444,7
7445,6
7446,8
7447,15
7448,9
7449,11
7450,9
7451,2
7452,2
7453,5
7454,6
7455,15
7456,16
7457,2
7458,0
7459,7
7460,6
7461,16
7462,9
7463,7
7464,1
7465,19
7466,8
7467,2
7468,13
7469,18
7470,19
7471,9
7472,3
7473,11
7474,0
7475,17
7476,14
7477,2
7478,5
7479,7
7480,8
7481,19
7482,9
7483,8
7484,19
7485,12
7486,16
7487,0
7488,5
7489,1
7490,0
7491,1
7492,7
7493,16
7494,12
7495,3
7496,18
7497,5
7498,12
7499,16
7500,13
7501,6
7502,12
7503,6
7504,0
7505,16
7506,12
7507,15
7508,6
7509,15
7510,7
7511,9
7512,8
7513,10
7514,15
7515,3
7516,15
7517,16
7518,15
7519,12
7520,6
7521,19
7522,14
7523,16
7524,11
7525,4
7526,0
7527,6
7528,12
7529,19
7530,16
7531,7
